Generation,ID,fitness,max_fitness,mean_fitness
1,1,13.900000000000002,0,0
1,2,25.8,0,0
1,3,10.500000000000002,0,0
1,4,205.1,0,0
1,5,0.0,0,0
