Generation,ID,fitness,max_fitness,mean_fitness
1,1,1.1,0,0
1,2,21.4,0,0
1,3,19.000000000000004,0,0
1,4,17.5,0,0
1,5,193.39999999999998,0,0
