Generation,ID,fitness,max_fitness,mean_fitness
1,1,21.200000000000003,0,0
1,2,4.3,0,0
1,3,59.49999999999999,0,0
